"First Name","Middle Name","Last Name","Initials","Email","Password","Role","Organisation"
"Fran",,"Boon","FB","fran@aidiq.com","eden","ADMIN","aidiq.com"
"Michael",,"Howden","MH","michael@aidiq.com","eden","ADMIN","aidiq.com"
"Dominic",,"König","DK","dominic@aidiq.com","eden","ADMIN","aidiq.com"
"Praneeth",,"Bodduluri","PB","praneeth@bufferlabs.in","eden","STAFF","aidiq.com"
"Graeme",,"Foster","GF","foster.graeme@aidiq.com","eden","STAFF","aidiq.com"
"Mike",,"Amy","MA","cocoade@gmail.com","eden","STAFF","aidiq.com"
"Massimo","Di","Pierro","MDP","massimo.dipierro@gmail.com","eden",,"aidiq.com"
"Eero",,"Pykalainen","EP","eero.pykalainen@ifrc.org","eden",,"ifrc.org"